"","X","ID","num_ID","block","floor","saleable_area","gross_area","efficiency_ratio","room","HK_M","price_saleable","price_gross","date","sea","street","factory","mountain","landscape","fullsea","bridge","mean_HK_M","mean_p_saleable","mean_p_gross"
"1",1,"Tseung Kwan O Plaza","139 Tseung Kwan O Plaza","Block 5","Low Floor",476,627,76,2,5.2,10924,8293,"2013-04-07",1,0,0,0,0,1,0,5.24,10816,7981.44444444444
"2",2,"Tseung Kwan O Plaza","140 Tseung Kwan O Plaza","Block 5","Low Floor",476,627,76,2,5.2,10924,8293,"2013-04-07",1,0,0,0,0,1,0,5.24,10816,7981.44444444444
"3",3,"Tseung Kwan O Plaza","319 Tseung Kwan O Plaza","Block 7","Middle Floor",728,985,74,3,8.3,11401,8426,"2013-04-16",0,0,0,1,0,0,0,5.24,10816,7981.44444444444
"4",4,"Tseung Kwan O Plaza","320 Tseung Kwan O Plaza","Block 7","Middle Floor",728,985,74,3,8.3,11401,8426,"2013-04-16",0,0,0,1,0,0,0,5.24,10816,7981.44444444444
"5",5,"Tseung Kwan O Plaza","410 Tseung Kwan O Plaza","Block 3","Low Floor",428,587,73,2,4.6,10748,7836,"2013-04-16",0,1,0,0,0,0,0,5.24,10816,7981.44444444444
"6",6,"Tseung Kwan O Plaza","433 Tseung Kwan O Plaza","Block 3","Low Floor",428,587,73,2,4.6,10748,7836,"2013-04-11",0,1,0,0,0,0,0,5.24,10816,7981.44444444444
"7",7,"Tseung Kwan O Plaza","434 Tseung Kwan O Plaza","Block 3","Low Floor",428,587,73,2,4.6,10748,7836,"2013-04-11",0,1,0,0,0,0,0,5.24,10816,7981.44444444444
"8",8,"Tseung Kwan O Plaza","439 Tseung Kwan O Plaza","Block 3","Low Floor",428,587,73,2,4.6,10748,7836,"2013-04-07",0,1,0,0,0,0,0,5.24,10816,7981.44444444444
"9",9,"Tseung Kwan O Plaza","440 Tseung Kwan O Plaza","Block 3","Low Floor",428,587,73,2,4.6,10748,7836,"2013-04-07",0,1,0,0,0,0,0,5.24,10816,7981.44444444444
"10",10,"Tseung Kwan O Plaza","441 Tseung Kwan O Plaza","Block 3","Low Floor",428,587,73,2,4.6,10748,7836,"2013-04-07",0,1,0,0,0,0,0,5.24,10816,7981.44444444444
"11",11,"Tseung Kwan O Plaza","443 Tseung Kwan O Plaza","Block 3a","Middle Floor",470,627,75,2,5,10638,7974,"2013-04-07",0,1,0,0,0,0,0,5.24,10816,7981.44444444444
"12",12,"Tseung Kwan O Plaza","463 Tseung Kwan O Plaza","Block 3a","High Floor",533,708,75,3,5.5,10319,7768,"2013-03-11",0,1,0,0,0,0,0,5.24,10816,7981.44444444444
"13",13,"Tseung Kwan O Plaza","464 Tseung Kwan O Plaza","Block 3a","High Floor",533,708,75,3,5.5,10319,7768,"2013-03-11",0,1,0,0,0,0,0,5.24,10816,7981.44444444444
"14",14,"Tseung Kwan O Plaza","468 Tseung Kwan O Plaza","Block 3a","Middle Floor",470,627,75,2,5,10638,7974,"2013-02-08",0,1,0,0,0,0,0,5.24,10816,7981.44444444444
"15",15,"Tseung Kwan O Plaza","490 Tseung Kwan O Plaza","Block 5","High Floor",429,590,73,2,4.68,10909,7932,"2013-04-17",1,0,0,0,0,0,0,5.24,10816,7981.44444444444
"16",16,"Tseung Kwan O Plaza","535 Tseung Kwan O Plaza","Block 5","High Floor",429,590,73,2,4.68,10909,7932,"2013-04-16",1,0,0,0,0,0,0,5.24,10816,7981.44444444444
"17",17,"Tseung Kwan O Plaza","536 Tseung Kwan O Plaza","Block 5","High Floor",429,590,73,2,4.68,10909,7932,"2013-04-16",1,0,0,0,0,0,0,5.24,10816,7981.44444444444
"18",18,"Tseung Kwan O Plaza","537 Tseung Kwan O Plaza","Block 5","High Floor",429,590,73,2,4.68,10909,7932,"2013-04-16",1,0,0,0,0,0,0,5.24,10816,7981.44444444444
